commercial-foundation-repair-pressed-piers-haltom-city.webp	1600	1200	293KB
pier-hole-hydraulic-ram-commercial.webp	1600	1200	487KB
steel-pier-installation-multifamily-crew.webp	1600	1200	518KB
concrete-pier-cylinders-staged-multifamily.webp	1600	1200	465KB
retaining-wall-repair-crew.webp	1600	1200	431KB
multifamily-foundation-repair-exterior.webp	1600	1200	429KB
due-diligence-multifamily-pool-courtyard.webp	1600	1200	457KB
dallas-area-foundation-crew.webp	1600	1200	526KB
underpinning-excavation-multifamily.webp	1200	1600	345KB
structural-repair-stair-multifamily.webp	1600	1200	325KB
specialty-structural-materials-staged.webp	1600	1200	424KB
commercial-concrete-lifting-parking-lot.webp	1600	1200	506KB
polyurethane-foam-injection-port-commercial.webp	1200	1600	462KB
municipal-sidewalk-concrete-repair.webp	1200	1600	489KB
interior-slab-leveling-mudjacking.webp	1200	1600	336KB
commercial-slab-repair-interior.webp	1200	1600	380KB
structural-crack-repair-slab.webp	1200	1600	447KB
warehouse-floor-leveling-industrial.webp	1200	1600	310KB
concrete-construction-slab-forms-rebar.webp	1600	1200	529KB
slab-pouring-formed-foundation.webp	1600	1200	443KB
earthwork-grading-building-pad.webp	1600	1200	652KB
concrete-flatwork-forms-stamped.webp	1600	1200	662KB
commercial-drainage-trench-installation.webp	1200	1600	695KB
perimeter-drainage-multifamily.webp	1600	1200	635KB
french-drain-installation-commercial.webp	1200	1600	624KB
area-drain-trench-installation.webp	1200	1600	702KB
tilt-wall-panel-interior.webp	1200	1600	284KB
houston-area-pier-installation-multifamily.webp	1600	1200	634KB
foundation-settlement-brick-crack.webp	1600	1200	321KB
fort-worth-residential-foundation-repair.webp	1600	1200	502KB
pier-jacks-under-grade-beam.webp	1200	1600	470KB